"Date ","series ","OPEN ","HIGH ","LOW ","PREV. CLOSE ","ltp ","close ","vwap ","52W H ","52W L ","VOLUME ","VALUE ","No of trades "
"20-Jan-2025","EQ","405.00","405.20","396.25","405.00","403.50","402.40","400.83","570.35","306.10","24,12,027","96,68,14,907.55","41,467"
"17-Jan-2025","EQ","397.90","409.45","396.70","397.50","406.00","405.00","404.62","570.35","306.10","29,06,979","1,17,62,33,940.20","37,777"
"16-Jan-2025","EQ","405.00","416.30","396.60","402.15","397.45","397.50","403.74","570.35","306.10","26,55,537","1,07,21,37,036.45","41,495"
"15-Jan-2025","EQ","412.95","415.00","401.30","411.25","403.00","402.15","406.21","570.35","306.10","24,52,398","99,61,84,631.00","36,757"
"14-Jan-2025","EQ","407.90","416.70","406.15","406.15","411.50","411.25","411.91","570.35","306.10","40,99,788","1,68,87,47,209.90","39,183"
"13-Jan-2025","EQ","408.10","412.95","400.00","412.80","406.95","406.15","405.48","570.35","306.10","36,96,494","1,49,88,55,489.45","46,053"
"10-Jan-2025","EQ","424.90","432.25","408.65","419.50","412.05","412.80","416.92","570.35","306.10","55,82,271","2,32,73,34,583.15","67,426"
"09-Jan-2025","EQ","407.60","435.95","407.00","407.45","424.00","419.50","426.53","570.35","306.10","2,28,65,384","9,75,27,84,244.90","2,55,923"
"08-Jan-2025","EQ","429.00","429.00","406.00","430.75","408.40","407.45","411.61","570.35","306.10","45,91,994","1,89,01,28,517.10","73,948"
"07-Jan-2025","EQ","430.00","433.75","419.65","424.15","430.00","430.75","427.84","570.35","306.10","45,72,328","1,95,62,09,339.70","47,772"
"06-Jan-2025","EQ","440.95","442.50","419.05","441.35","425.00","424.15","426.90","570.35","306.10","31,34,274","1,33,80,35,758.70","52,915"
"03-Jan-2025","EQ","428.00","453.40","423.40","425.70","441.60","441.35","441.32","570.35","306.10","99,61,631","4,39,62,98,082.25","1,19,902"
"02-Jan-2025","EQ","411.05","432.00","411.05","410.30","430.00","425.70","420.59","570.35","306.10","43,33,385","1,82,25,96,937.60","49,986"
"01-Jan-2025","EQ","415.90","415.90","408.05","415.65","409.75","410.30","411.16","570.35","306.10","10,95,471","45,04,10,128.45","21,738"
"31-Dec-2024","EQ","408.00","417.70","401.45","407.30","415.00","415.65","411.09","570.35","306.10","42,87,712","1,76,26,16,126.30","48,307"
"30-Dec-2024","EQ","390.20","410.05","389.10","390.10","407.80","407.30","400.51","570.35","306.10","54,16,437","2,16,93,56,564.30","67,628"
"27-Dec-2024","EQ","391.70","393.75","388.50","390.50","390.20","390.10","390.68","570.35","306.10","15,11,040","59,03,40,478.00","25,206"
"26-Dec-2024","EQ","399.00","405.00","389.50","397.35","390.95","390.50","396.63","570.35","306.10","37,41,597","1,48,40,17,011.00","43,066"
"24-Dec-2024","EQ","391.60","406.95","391.60","390.10","396.20","397.35","400.40","570.35","306.10","99,34,284","3,97,76,78,334.85","94,892"
"23-Dec-2024","EQ","380.00","396.10","377.35","388.30","390.25","390.10","388.99","570.35","306.10","65,94,957","2,56,53,99,247.35","71,174"
"20-Dec-2024","EQ","390.05","395.50","384.10","389.85","385.00","388.30","389.90","570.35","306.10","40,58,988","1,58,25,95,438.40","45,094"
"19-Dec-2024","EQ","392.05","394.45","384.15","398.40","388.00","389.85","389.55","570.35","306.10","47,97,210","1,86,87,39,200.20","66,917"
"18-Dec-2024","EQ","382.05","401.90","378.25","381.35","401.90","398.40","392.99","570.35","306.10","1,18,37,739","4,65,21,40,639.50","87,704"
"17-Dec-2024","EQ","393.95","394.55","380.00","394.30","383.20","381.35","384.85","570.35","306.10","41,69,090","1,60,44,65,935.50","48,421"
"16-Dec-2024","EQ","394.75","399.85","389.75","392.20","394.00","394.30","395.97","570.35","306.10","44,90,416","1,77,80,81,044.40","65,457"
"13-Dec-2024","EQ","386.35","392.85","378.60","387.10","392.60","392.20","387.56","570.35","306.10","42,69,375","1,65,46,20,355.40","57,029"
"12-Dec-2024","EQ","392.95","395.20","384.35","392.80","386.90","387.10","387.69","570.35","306.10","29,61,822","1,14,82,79,246.45","53,406"
"11-Dec-2024","EQ","388.50","394.95","382.15","386.00","392.00","392.80","387.91","570.35","306.10","59,16,650","2,29,51,15,082.20","65,138"
"10-Dec-2024","EQ","389.00","394.30","385.00","385.55","386.85","386.00","388.54","570.35","306.10","78,14,225","3,03,61,44,294.10","1,18,954"
"09-Dec-2024","EQ","387.00","389.65","377.70","384.00","386.65","385.55","384.91","570.35","306.10","44,26,139","1,70,36,69,652.85","72,105"
"06-Dec-2024","EQ","387.00","389.90","382.60","383.45","383.70","384.00","385.96","570.35","306.10","80,67,105","3,11,35,94,203.10","70,728"
"05-Dec-2024","EQ","374.00","385.80","360.50","360.25","383.20","383.45","375.33","570.35","306.10","2,16,00,645","8,10,72,79,007.50","1,84,514"
"04-Dec-2024","EQ","361.00","365.95","355.60","361.25","360.20","360.25","360.03","570.35","306.10","39,85,267","1,43,48,00,644.20","72,033"
"03-Dec-2024","EQ","346.00","362.70","341.00","343.55","360.00","361.25","354.84","570.35","306.10","92,23,340","3,27,28,09,668.55","1,08,425"
"02-Dec-2024","EQ","330.00","344.65","326.30","327.05","343.20","343.55","338.67","570.35","306.10","77,92,673","2,63,91,52,865.85","82,931"
"29-Nov-2024","EQ","320.90","331.65","313.45","319.45","330.00","327.05","323.01","570.35","306.10","64,75,134","2,09,15,34,524.75","62,964"
"28-Nov-2024","EQ","320.50","324.60","317.80","319.50","319.10","319.45","319.86","570.35","306.10","39,20,248","1,25,39,27,477.75","46,490"
"27-Nov-2024","EQ","320.95","323.00","317.25","320.00","319.15","319.50","319.72","570.35","306.10","24,29,975","77,69,19,114.30","40,232"
"26-Nov-2024","EQ","323.10","328.05","319.20","324.15","319.90","320.00","323.04","570.35","306.10","36,62,145","1,18,30,25,086.25","56,198"
"25-Nov-2024","EQ","319.10","326.00","317.15","312.65","323.80","324.15","322.84","570.35","306.10","60,14,776","1,94,18,37,490.85","68,725"
"22-Nov-2024","EQ","316.05","318.50","310.10","311.40","311.05","312.65","314.15","570.35","306.10","96,43,056","3,02,93,85,033.45","1,11,198"
"21-Nov-2024","EQ","320.45","320.60","306.10","320.45","313.30","311.40","311.17","570.35","306.10","90,39,218","2,81,27,52,963.70","1,68,840"
"19-Nov-2024","EQ","329.00","329.50","316.75","325.05","319.20","320.45","322.49","570.35","316.75","1,48,10,634","4,77,62,49,561.65","2,15,584"
"18-Nov-2024","EQ","370.00","373.10","323.10","405.80","325.30","325.05","333.15","570.35","323.10","4,75,75,269","15,84,95,31,665.70","3,04,250"
"14-Nov-2024","EQ","420.00","421.85","403.60","419.50","407.00","405.80","410.10","570.35","382.65","27,38,096","1,12,28,91,242.95","60,498"
"13-Nov-2024","EQ","424.30","427.85","417.40","427.30","422.00","419.50","420.89","570.35","382.65","50,29,555","2,11,68,83,052.10","72,777"
"12-Nov-2024","EQ","436.05","437.85","424.35","440.95","429.00","427.30","427.28","570.35","382.65","35,00,647","1,49,57,55,702.30","62,162"
"11-Nov-2024","EQ","442.15","445.55","437.20","442.35","439.90","440.95","440.68","570.35","382.65","29,18,325","1,28,60,38,726.00","52,538"
"08-Nov-2024","EQ","436.95","445.20","433.55","436.80","443.50","442.35","439.75","570.35","382.65","34,33,842","1,51,00,29,226.75","77,666"
"07-Nov-2024","EQ","433.00","442.90","430.80","431.85","437.00","436.80","437.80","570.35","382.65","21,49,816","94,11,97,120.75","49,308"
"06-Nov-2024","EQ","423.00","432.75","421.15","420.55","432.05","431.85","428.29","570.35","382.65","18,61,448","79,72,45,944.55","48,096"
"05-Nov-2024","EQ","414.00","422.85","409.70","412.60","422.00","420.55","415.70","570.35","382.65","17,88,913","74,36,50,717.25","61,435"
"04-Nov-2024","EQ","423.00","423.30","409.35","421.70","413.00","412.60","413.79","570.35","382.65","13,15,800","54,44,60,381.00","37,600"
"01-Nov-2024","EQ","424.70","424.80","420.50","420.15","421.40","421.70","421.99","570.35","375.70","1,78,609","7,53,71,264.35","4,714"
"31-Oct-2024","EQ","421.35","423.95","415.65","420.90","420.10","420.15","419.13","570.35","375.70","19,93,823","83,56,73,992.25","56,804"
"30-Oct-2024","EQ","417.05","428.95","416.20","417.20","420.00","420.90","423.72","570.35","375.70","22,06,577","93,49,79,553.35","52,179"
"29-Oct-2024","EQ","410.95","425.70","410.35","404.70","417.15","417.20","418.39","570.35","375.70","56,42,218","2,36,06,22,987.80","77,761"
"28-Oct-2024","EQ","415.85","417.00","403.50","413.55","404.15","404.70","408.50","570.35","375.70","17,64,945","72,09,73,548.60","56,933"
"25-Oct-2024","EQ","428.35","431.20","409.90","428.35","414.70","413.55","415.14","570.35","375.70","18,08,138","75,06,23,565.60","42,132"
"24-Oct-2024","EQ","435.00","436.40","426.55","433.15","428.00","428.35","430.72","570.35","375.70","13,79,052","59,39,80,510.90","32,494"
"23-Oct-2024","EQ","433.00","437.00","429.05","433.05","431.95","433.15","433.61","570.35","375.70","28,49,812","1,23,57,00,799.90","65,677"
"22-Oct-2024","EQ","443.15","450.85","431.50","443.15","433.00","433.05","441.97","570.35","375.70","27,45,080","1,21,32,53,324.85","84,870"
"21-Oct-2024","EQ","455.60","462.00","440.70","451.70","442.00","443.15","445.95","570.35","375.70","24,11,406","1,07,53,69,520.80","72,771"
"18-Oct-2024","EQ","480.00","486.55","439.35","504.55","452.80","451.70","453.82","570.35","375.70","1,83,30,579","8,31,88,28,942.00","2,17,363"
"17-Oct-2024","EQ","518.00","518.55","502.00","518.55","502.50","504.55","510.02","570.35","375.70","17,77,516","90,65,60,519.90","46,025"
"16-Oct-2024","EQ","524.20","525.45","513.10","524.65","519.00","518.55","518.46","570.35","375.70","11,46,069","59,41,94,957.80","37,256"
"15-Oct-2024","EQ","518.90","527.95","516.00","518.00","524.20","524.65","522.41","570.35","375.70","19,47,320","1,01,72,93,860.55","55,523"
"14-Oct-2024","EQ","540.00","540.00","511.50","540.55","517.20","518.00","519.99","570.35","375.70","28,18,538","1,46,56,17,411.95","81,580"
"11-Oct-2024","EQ","540.90","542.00","534.05","540.90","538.85","540.55","537.21","570.35","375.70","15,76,334","84,68,15,826.40","34,509"
"10-Oct-2024","EQ","533.90","542.00","533.90","532.50","540.00","540.90","538.08","570.35","375.70","20,34,738","1,09,48,43,990.40","46,962"
"09-Oct-2024","EQ","538.30","543.70","529.90","532.95","533.90","532.50","535.71","570.35","375.70","21,09,999","1,13,03,53,379.35","57,427"
"08-Oct-2024","EQ","537.50","549.20","530.80","542.15","535.90","532.95","538.97","570.35","375.70","20,11,777","1,08,42,95,052.85","49,179"
"07-Oct-2024","EQ","553.00","553.05","533.35","549.35","542.90","542.15","540.45","570.35","375.70","29,27,376","1,58,21,08,877.10","51,128"
"04-Oct-2024","EQ","554.30","555.80","544.45","554.30","548.45","549.35","549.63","570.35","375.70","17,76,842","97,65,97,587.80","33,659"
"03-Oct-2024","EQ","543.00","560.80","543.00","558.40","553.20","554.30","552.95","570.35","375.70","26,55,279","1,46,82,40,257.70","50,061"
"01-Oct-2024","EQ","561.50","569.55","554.05","558.55","558.00","558.40","560.44","570.35","375.70","37,44,429","2,09,85,22,645.75","81,642"
"30-Sep-2024","EQ","549.00","560.35","544.30","549.50","558.00","558.55","555.11","570.35","375.70","16,13,001","89,53,88,147.50","44,893"
"27-Sep-2024","EQ","548.95","556.00","547.50","548.90","550.00","549.50","551.36","570.35","375.70","15,27,692","84,23,08,454.40","43,219"
"26-Sep-2024","EQ","549.30","550.85","539.60","549.55","549.90","548.90","544.54","570.35","375.70","16,69,285","90,89,92,849.25","39,902"
"25-Sep-2024","EQ","549.35","558.50","546.15","550.15","547.85","549.55","551.98","570.35","375.70","20,55,307","1,13,44,84,529.45","51,930"
"24-Sep-2024","EQ","550.50","553.50","547.00","546.95","549.15","550.15","549.95","570.35","375.70","22,82,741","1,25,53,91,711.35","49,507"
"23-Sep-2024","EQ","538.55","548.15","534.00","538.90","547.00","546.95","543.15","570.35","375.70","11,63,966","63,22,03,746.30","41,234"
"20-Sep-2024","EQ","541.00","543.05","530.35","542.60","536.45","538.90","536.14","570.35","375.70","28,53,876","1,53,00,88,356.75","61,684"
"19-Sep-2024","EQ","539.00","547.35","533.50","535.50","543.00","542.60","540.45","570.35","375.70","23,10,330","1,24,86,08,000.80","50,508"
"18-Sep-2024","EQ","547.95","553.80","533.05","548.10","535.00","535.50","542.38","570.35","375.70","31,50,517","1,70,87,87,249.70","53,529"
"17-Sep-2024","EQ","549.00","562.75","545.55","529.85","547.00","548.10","554.46","570.35","375.70","1,66,18,937","9,21,44,58,681.70","2,53,309"
"16-Sep-2024","EQ","518.00","531.25","517.15","517.15","530.90","529.85","526.94","570.35","375.70","30,36,959","1,60,03,10,080.35","61,730"
"13-Sep-2024","EQ","523.90","525.25","516.05","524.80","516.70","517.15","519.22","570.35","375.70","8,93,118","46,37,23,610.30","27,918"
"12-Sep-2024","EQ","530.00","532.40","521.50","527.85","524.95","524.80","525.32","570.35","375.70","6,49,028","34,09,47,961.65","22,585"
"11-Sep-2024","EQ","541.00","541.40","524.65","539.65","529.00","527.85","529.47","570.35","375.70","11,93,376","63,18,53,532.30","29,522"
"10-Sep-2024","EQ","534.50","541.20","533.20","532.05","540.50","539.65","537.99","570.35","375.70","7,19,321","38,69,85,617.30","25,793"
"09-Sep-2024","EQ","538.55","545.00","526.20","542.35","532.65","532.05","533.93","570.35","375.70","13,27,106","70,85,83,836.35","33,507"
"06-Sep-2024","EQ","556.60","561.80","535.55","556.00","542.25","542.35","546.56","570.35","375.70","20,94,524","1,14,47,91,136.65","51,434"
"05-Sep-2024","EQ","552.25","562.50","550.00","549.00","556.00","556.00","557.66","570.35","375.70","27,60,660","1,53,95,07,199.40","51,209"
"04-Sep-2024","EQ","553.55","557.90","542.90","555.45","552.10","549.00","552.03","570.35","375.70","14,64,043","80,82,00,450.90","34,497"
"03-Sep-2024","EQ","547.50","556.45","544.95","547.50","556.00","555.45","550.84","570.35","375.70","30,42,354","1,67,58,58,987.40","44,086"
"02-Sep-2024","EQ","554.10","570.35","544.70","552.80","547.80","547.50","555.98","570.35","375.70","48,45,177","2,69,38,32,863.35","96,140"
"30-Aug-2024","EQ","549.00","560.75","545.85","543.35","552.55","552.80","554.21","560.75","375.70","36,58,502","2,02,75,95,183.80","63,518"
"29-Aug-2024","EQ","539.90","547.20","537.60","538.70","545.00","543.35","541.97","559.40","375.70","22,23,470","1,20,50,56,760.15","80,634"
"28-Aug-2024","EQ","538.00","540.00","535.05","534.15","539.25","538.70","538.37","559.40","375.70","14,25,394","76,73,92,712.90","53,684"
"27-Aug-2024","EQ","525.00","535.35","519.95","525.15","534.00","534.15","532.17","559.40","375.70","14,27,104","75,94,59,138.55","29,326"
"26-Aug-2024","EQ","528.00","529.20","521.70","524.05","524.55","525.15","524.53","559.40","375.70","6,75,313","35,42,25,232.10","21,976"
"23-Aug-2024","EQ","540.50","542.60","522.75","540.40","525.10","524.05","527.35","559.40","375.70","14,28,892","75,35,24,528.70","32,437"
"22-Aug-2024","EQ","551.00","553.95","539.70","550.30","540.50","540.40","544.40","559.40","375.70","17,78,307","96,81,14,694.55","37,887"
"21-Aug-2024","EQ","550.00","554.60","548.25","548.45","551.00","550.30","551.12","559.40","375.70","7,23,902","39,89,54,434.85","20,807"
"20-Aug-2024","EQ","550.00","552.95","542.80","548.15","549.70","548.45","547.19","559.40","375.70","8,46,656","46,32,85,223.15","25,885"
"19-Aug-2024","EQ","545.00","555.00","543.05","545.85","548.00","548.15","550.30","559.40","375.70","12,94,407","71,23,12,229.60","40,923"
"16-Aug-2024","EQ","539.00","546.50","538.40","538.50","546.00","545.85","543.12","559.40","375.70","7,64,059","41,49,74,332.80","17,897"
"14-Aug-2024","EQ","541.95","544.85","536.50","540.65","539.15","538.50","539.87","559.40","375.70","4,78,064","25,80,90,549.60","18,113"
"13-Aug-2024","EQ","547.00","551.00","539.05","542.95","542.30","540.65","545.95","559.40","375.70","11,47,785","62,66,35,994.70","34,399"
"12-Aug-2024","EQ","537.05","545.00","533.50","537.40","542.05","542.95","539.12","559.40","375.70","13,12,776","70,77,41,518.30","30,383"
"09-Aug-2024","EQ","544.45","544.95","531.10","541.95","537.00","537.40","536.25","559.40","375.70","15,92,424","85,39,34,584.85","60,518"
"08-Aug-2024","EQ","546.75","546.95","540.10","547.75","542.05","541.95","542.50","559.40","375.70","10,93,035","59,29,76,364.85","48,834"
"07-Aug-2024","EQ","543.00","548.85","538.05","535.60","547.00","547.75","544.90","559.40","375.70","10,43,395","56,85,46,627.25","46,874"
"06-Aug-2024","EQ","530.00","549.00","528.80","528.20","539.35","535.60","543.28","559.40","375.70","27,90,578","1,51,60,55,401.10","56,874"
"05-Aug-2024","EQ","520.00","532.20","513.30","538.10","528.80","528.20","525.51","559.40","375.70","29,68,057","1,55,97,39,281.25","45,158"
"02-Aug-2024","EQ","531.00","543.10","531.00","541.65","540.00","538.10","538.74","559.40","375.70","5,71,093","30,76,69,123.60","25,893"
"01-Aug-2024","EQ","551.35","553.55","539.60","548.00","541.80","541.65","545.84","559.40","375.70","6,30,255","34,40,19,050.20","17,943"
"31-Jul-2024","EQ","555.00","559.40","547.15","553.45","548.50","548.00","552.59","559.40","375.70","11,55,522","63,85,26,903.20","32,644"
"30-Jul-2024","EQ","542.00","556.35","542.00","544.15","554.00","553.45","552.99","556.35","375.70","27,96,456","1,54,64,25,013.15","52,412"
"29-Jul-2024","EQ","545.00","555.00","541.30","540.50","543.00","544.15","546.11","555.00","375.70","17,98,902","98,23,93,849.75","44,353"
"26-Jul-2024","EQ","539.45","542.85","530.60","535.00","542.85","540.50","537.43","553.40","375.70","23,32,952","1,25,37,89,251.00","43,953"
"25-Jul-2024","EQ","545.00","547.20","530.00","548.80","536.50","535.00","536.44","553.40","375.70","24,52,392","1,31,55,64,408.85","39,497"
"24-Jul-2024","EQ","535.70","553.40","532.55","534.10","548.00","548.80","545.30","553.40","375.70","27,92,682","1,52,28,49,997.90","49,066"
"23-Jul-2024","EQ","547.00","547.00","516.30","544.55","540.00","534.10","535.10","550.90","375.70","17,96,602","96,13,55,458.25","43,776"
"22-Jul-2024","EQ","527.95","547.95","523.25","528.85","543.00","544.55","542.58","550.90","375.70","23,49,542","1,27,48,21,877.35","46,879"
"19-Jul-2024","EQ","539.50","539.50","524.05","533.75","529.95","528.85","529.62","550.90","375.70","13,30,245","70,45,21,823.70","43,777"
"18-Jul-2024","EQ","543.40","550.90","531.55","540.75","534.95","533.75","542.29","550.90","375.70","33,50,226","1,81,68,03,177.45","61,650"
"16-Jul-2024","EQ","534.00","542.70","529.60","533.30","540.15","540.75","539.88","542.70","375.70","34,59,345","1,86,76,19,404.10","54,261"
"15-Jul-2024","EQ","527.00","538.40","521.60","525.50","534.05","533.30","534.20","540.45","375.70","24,86,355","1,32,82,07,762.55","46,967"
"12-Jul-2024","EQ","531.00","534.60","523.55","530.80","524.70","525.50","528.07","540.45","375.70","15,14,123","79,95,61,944.10","33,509"
"11-Jul-2024","EQ","529.00","532.45","519.15","527.55","529.90","530.80","527.57","540.45","375.70","12,93,225","68,22,72,128.25","37,457"
"10-Jul-2024","EQ","530.15","540.45","520.05","522.40","527.15","527.55","531.62","540.45","375.70","47,84,575","2,54,35,87,453.50","84,846"
"09-Jul-2024","EQ","528.30","530.15","518.55","525.00","521.50","522.40","522.07","537.50","375.70","12,78,261","66,73,40,454.55","38,213"
"08-Jul-2024","EQ","525.95","526.90","516.85","522.30","525.50","525.00","523.10","537.50","375.70","20,57,831","1,07,64,54,578.70","29,482"
"05-Jul-2024","EQ","519.00","526.00","515.10","518.20","521.50","522.30","519.50","537.50","375.70","17,20,293","89,36,93,208.95","32,781"
"04-Jul-2024","EQ","518.90","522.40","514.00","517.45","519.10","518.20","517.41","537.50","375.70","12,07,548","62,47,94,899.35","23,430"
"03-Jul-2024","EQ","520.00","523.35","513.60","519.60","517.90","517.45","517.74","537.50","375.70","11,65,392","60,33,75,591.05","26,728"
"02-Jul-2024","EQ","529.00","537.50","516.00","524.90","518.00","519.60","527.17","537.50","375.70","63,55,927","3,35,06,33,699.70","98,937"
"01-Jul-2024","EQ","506.70","528.80","502.85","503.70","526.00","524.90","517.62","528.80","375.70","67,33,235","3,48,52,82,083.20","1,02,893"
"28-Jun-2024","EQ","483.00","509.70","483.00","482.60","504.00","503.70","500.73","509.70","375.70","1,03,82,393","5,19,87,50,158.55","1,11,503"
"27-Jun-2024","EQ","474.80","484.15","473.10","474.80","482.00","482.60","478.80","501.00","375.70","30,79,854","1,47,46,43,645.35","51,874"
"26-Jun-2024","EQ","473.95","476.70","470.05","473.95","475.00","474.80","474.03","501.00","375.70","15,84,495","75,11,04,621.70","37,490"
"25-Jun-2024","EQ","475.90","481.85","472.75","474.55","474.40","473.95","477.26","501.00","375.70","13,28,168","63,38,83,886.85","38,975"
"24-Jun-2024","EQ","475.00","478.60","471.40","471.10","475.05","474.55","474.99","501.00","375.70","24,89,647","1,18,25,53,756.40","39,778"
"21-Jun-2024","EQ","482.00","482.00","469.60","476.80","471.00","471.10","474.61","501.00","375.70","24,05,603","1,14,17,20,748.85","24,837"
"20-Jun-2024","EQ","473.00","483.95","468.60","470.40","477.10","476.80","476.75","501.00","375.70","23,41,400","1,11,62,55,324.20","47,837"
"19-Jun-2024","EQ","483.00","483.95","469.65","482.35","470.70","470.40","472.89","501.00","375.70","20,00,817","94,61,59,000.35","35,141"
"18-Jun-2024","EQ","484.00","484.70","476.75","482.60","482.70","482.35","481.62","501.00","375.70","11,06,421","53,28,75,820.25","31,072"
"14-Jun-2024","EQ","490.00","490.35","481.00","487.05","481.50","482.60","485.44","501.00","375.70","16,09,258","78,11,92,463.95","30,013"
"13-Jun-2024","EQ","481.70","490.45","478.50","477.20","489.05","487.05","483.73","501.00","375.70","40,92,669","1,97,97,66,324.65","69,524"
"12-Jun-2024","EQ","476.00","481.60","471.55","470.60","477.60","477.20","477.90","501.00","375.70","39,66,257","1,89,54,83,975.10","55,049"
"11-Jun-2024","EQ","468.00","476.00","463.30","470.00","472.25","470.60","469.41","501.00","375.70","57,27,192","2,68,83,92,098.80","68,510"
"10-Jun-2024","EQ","473.95","484.60","468.00","467.00","469.50","470.00","473.79","501.00","375.70","54,73,439","2,59,32,52,092.30","54,602"
"07-Jun-2024","EQ","463.00","474.00","457.15","460.60","466.35","467.00","467.30","501.00","375.70","44,01,749","2,05,69,38,130.55","39,470"
"06-Jun-2024","EQ","455.00","466.55","452.00","446.65","462.40","460.60","460.63","501.00","375.70","59,42,798","2,73,74,15,769.75","74,409"
"05-Jun-2024","EQ","443.15","449.00","435.40","442.25","448.00","446.65","443.55","501.00","375.70","51,75,508","2,29,55,78,565.95","68,038"
"04-Jun-2024","EQ","465.00","465.70","423.00","468.95","443.00","442.25","447.53","501.00","375.70","88,99,102","3,98,26,57,151.35","1,66,765"
"03-Jun-2024","EQ","465.00","471.20","452.20","441.95","470.00","468.95","466.11","501.00","375.70","47,44,746","2,21,15,78,509.75","57,486"
"31-May-2024","EQ","451.35","455.40","433.70","456.65","449.90","441.95","443.39","501.00","375.70","4,21,07,600","18,66,99,13,632.55","1,62,853"
"30-May-2024","EQ","461.50","463.25","452.00","461.50","458.90","456.65","456.15","501.00","375.70","27,55,136","1,25,67,45,054.70","40,907"
"29-May-2024","EQ","470.00","473.45","458.20","472.70","461.80","461.50","463.74","501.00","375.70","51,94,983","2,40,91,36,275.30","70,580"
"28-May-2024","EQ","461.40","477.00","458.45","461.15","471.50","472.70","469.44","501.00","375.70","38,92,841","1,82,74,67,996.85","56,540"
"27-May-2024","EQ","460.95","469.20","457.65","460.75","461.15","461.15","463.58","501.00","375.70","24,92,958","1,15,56,88,884.85","26,567"
"24-May-2024","EQ","452.95","465.90","448.70","454.35","460.45","460.75","458.16","501.00","375.70","38,42,109","1,76,03,13,458.75","51,865"
"23-May-2024","EQ","444.00","455.25","440.95","441.30","454.60","454.35","450.07","501.00","375.70","22,75,905","1,02,43,16,156.55","51,018"
"22-May-2024","EQ","443.00","443.80","435.45","440.85","441.70","441.30","440.10","501.00","375.70","25,35,738","1,11,59,70,405.85","54,885"
"21-May-2024","EQ","444.00","445.55","440.00","444.00","441.10","440.85","442.08","501.00","375.70","10,49,960","46,41,62,641.45","31,521"
"18-May-2024","EQ","441.00","445.00","441.00","440.50","443.45","444.00","443.86","501.00","375.70","1,23,142","5,46,58,086.55","2,731"
"17-May-2024","EQ","442.00","443.00","435.50","440.30","443.00","440.50","439.11","501.00","375.70","16,13,838","70,86,55,496.50","29,671"
"16-May-2024","EQ","442.75","444.90","436.55","439.80","441.50","440.30","439.81","501.00","375.70","10,22,423","44,96,73,886.35","16,168"
"15-May-2024","EQ","444.50","448.20","433.40","444.50","439.80","439.80","439.63","501.00","375.70","43,36,704","1,90,65,41,332.50","37,026"
"14-May-2024","EQ","436.05","448.85","430.45","434.70","444.85","444.50","438.03","501.00","375.70","31,77,923","1,39,20,41,071.15","38,133"
"13-May-2024","EQ","450.00","450.90","432.05","446.00","435.40","434.70","436.77","501.00","375.70","19,71,398","86,10,42,508.75","30,898"
"10-May-2024","EQ","444.00","456.80","440.40","440.00","445.40","446.00","450.61","515.70","375.70","41,43,546","1,86,71,41,228.00","46,601"
"09-May-2024","EQ","451.20","467.00","437.60","451.20","440.00","440.00","449.99","515.70","375.70","47,15,296","2,12,18,54,177.05","61,862"
"08-May-2024","EQ","430.00","468.40","428.70","436.55","452.20","451.20","457.77","515.70","375.70","1,37,30,654","6,28,55,12,273.65","1,39,765"
"07-May-2024","EQ","446.55","451.50","432.60","442.95","444.10","436.55","440.05","515.70","375.70","43,54,604","1,91,62,54,677.00","46,733"
"06-May-2024","EQ","458.00","459.25","442.00","455.20","443.40","442.95","448.00","515.70","375.70","22,82,143","1,02,24,01,388.00","38,697"
"03-May-2024","EQ","468.00","468.00","449.00","463.60","455.35","455.20","458.49","515.70","375.70","22,11,729","1,01,40,45,893.60","35,855"
"02-May-2024","EQ","471.50","472.75","457.00","469.20","463.90","463.60","462.31","515.70","375.70","29,59,722","1,36,83,07,485.60","50,073"
"30-Apr-2024","EQ","464.55","477.75","462.15","462.10","471.50","469.20","471.35","515.70","375.70","34,77,668","1,63,92,04,993.50","53,058"
"29-Apr-2024","EQ","460.25","464.50","458.15","460.05","462.50","462.10","461.75","515.70","375.70","11,07,868","51,15,63,255.35","28,743"
"26-Apr-2024","EQ","453.05","463.65","453.05","453.05","460.35","460.05","460.05","515.70","375.70","15,21,118","69,97,95,951.60","36,135"
"25-Apr-2024","EQ","453.05","456.00","446.60","453.05","451.90","453.05","451.18","515.70","375.70","26,58,787","1,19,95,87,461.10","46,354"
"24-Apr-2024","EQ","452.30","456.75","450.40","448.50","452.00","453.05","454.04","515.70","375.70","23,96,664","1,08,81,90,646.70","31,262"
"23-Apr-2024","EQ","441.50","451.25","438.60","437.15","448.00","448.50","447.99","515.70","375.70","31,84,029","1,42,64,27,563.00","40,520"
"22-Apr-2024","EQ","441.00","441.60","433.00","436.20","438.25","437.15","436.14","515.70","375.70","29,13,512","1,27,07,10,559.80","30,911"
"19-Apr-2024","EQ","437.30","448.60","432.15","437.30","436.20","436.20","440.87","515.70","375.70","57,65,036","2,54,16,57,760.70","55,015"
"18-Apr-2024","EQ","467.00","470.35","435.35","462.70","440.90","437.30","446.22","515.70","375.70","50,70,601","2,26,25,99,340.50","74,250"
"16-Apr-2024","EQ","470.50","474.20","461.50","470.35","463.50","462.70","465.86","515.70","375.70","24,67,374","1,14,94,56,825.45","31,992"
"15-Apr-2024","EQ","455.00","489.00","455.00","463.10","472.00","470.35","476.81","515.70","375.70","1,09,68,356","5,22,98,19,847.90","1,13,217"
"12-Apr-2024","EQ","476.00","476.00","461.90","477.05","463.90","463.10","466.41","515.70","375.70","25,51,078","1,18,98,38,917.75","34,613"
"10-Apr-2024","EQ","475.75","482.70","474.75","475.80","476.00","477.05","479.11","515.70","375.70","33,03,631","1,58,28,10,326.90","38,587"
"09-Apr-2024","EQ","476.45","479.00","469.15","475.35","475.95","475.80","475.00","515.70","375.70","16,00,481","76,02,22,911.80","37,234"
"08-Apr-2024","EQ","461.90","482.00","458.10","460.10","475.20","475.35","474.91","515.70","375.70","64,06,210","3,04,23,71,048.15","84,001"
"05-Apr-2024","EQ","437.20","469.00","436.05","437.10","461.20","460.10","458.71","515.70","375.70","1,17,29,046","5,38,02,41,147.95","1,24,037"
"04-Apr-2024","EQ","441.55","445.00","434.50","441.35","437.60","437.10","438.05","515.70","375.70","23,40,885","1,02,54,23,976.80","25,993"
"03-Apr-2024","EQ","443.65","447.90","436.35","443.65","440.95","441.35","444.58","515.70","375.70","16,29,254","72,43,29,387.50","23,626"
"02-Apr-2024","EQ","440.35","447.95","440.35","440.35","444.90","443.65","444.27","515.70","375.70","20,56,604","91,36,83,884.70","21,545"
"01-Apr-2024","EQ","430.90","443.35","430.90","430.80","440.00","440.35","439.03","515.70","375.70","23,47,813","1,03,07,62,684.55","32,166"
"28-Mar-2024","EQ","429.75","432.95","425.35","425.45","431.00","430.80","430.27","515.70","375.70","29,33,803","1,26,23,32,882.35","41,235"
"27-Mar-2024","EQ","422.60","428.35","419.40","418.55","425.25","425.45","424.57","515.70","375.70","22,03,732","93,56,38,593.20","30,008"
"26-Mar-2024","EQ","412.10","420.40","410.00","412.75","418.45","418.55","415.46","515.70","375.70","13,09,285","54,39,60,587.65","18,891"
"22-Mar-2024","EQ","413.00","416.45","407.25","412.75","412.00","412.75","412.34","515.70","375.70","18,12,773","74,74,87,343.70","29,274"
"21-Mar-2024","EQ","405.50","413.75","402.10","403.25","412.85","412.75","407.19","515.70","375.70","23,57,340","95,98,96,370.95","38,825"
"20-Mar-2024","EQ","406.00","406.00","397.15","406.10","402.10","403.25","401.70","515.70","375.70","14,32,359","57,53,79,595.85","38,965"
"19-Mar-2024","EQ","410.00","410.05","400.55","409.95","404.70","406.10","404.74","515.70","375.70","16,20,850","65,60,28,156.85","34,375"
"18-Mar-2024","EQ","411.00","413.80","405.60","412.55","408.50","409.95","409.92","515.70","375.70","11,99,492","49,16,89,784.05","25,382"
"15-Mar-2024","EQ","410.90","414.00","404.00","410.90","410.55","412.55","409.05","515.70","375.70","20,72,597","84,77,97,409.70","38,270"
"14-Mar-2024","EQ","407.50","415.70","401.20","407.55","411.10","410.90","409.93","515.70","375.70","16,62,621","68,15,58,437.45","29,497"
"13-Mar-2024","EQ","427.15","429.00","403.40","426.15","406.25","407.55","414.29","515.70","375.70","24,92,998","1,03,28,13,467.40","58,146"
"12-Mar-2024","EQ","427.00","437.95","423.05","423.85","425.00","426.15","428.76","515.70","375.70","35,36,408","1,51,62,82,131.35","64,091"
"11-Mar-2024","EQ","431.40","431.40","421.50","430.10","424.00","423.85","424.83","515.70","375.70","12,68,390","53,88,56,150.05","41,665"
"07-Mar-2024","EQ","420.00","432.85","411.20","430.10","429.30","430.10","425.27","515.70","375.70","40,24,815","1,71,16,45,160.85","61,026"
"06-Mar-2024","EQ","458.40","458.40","424.30","458.55","430.35","430.10","432.38","515.70","375.70","1,00,74,990","4,35,62,61,835.30","1,32,049"
"05-Mar-2024","EQ","450.00","460.00","447.25","446.60","458.10","458.55","454.93","515.70","375.70","36,44,177","1,65,78,43,161.70","48,989"
"04-Mar-2024","EQ","437.40","455.30","436.20","435.05","446.90","446.60","448.23","515.70","375.70","25,64,924","1,14,96,64,273.15","44,280"
"02-Mar-2024","EQ","435.00","437.60","432.05","433.75","435.00","435.05","434.85","515.70","375.70","93,603","4,07,02,933.65","2,594"
"01-Mar-2024","EQ","427.70","435.00","425.35","426.00","433.00","433.75","430.19","515.70","375.70","12,05,258","51,84,95,697.35","40,305"
"29-Feb-2024","EQ","417.90","428.85","412.10","415.85","425.00","426.00","421.64","515.70","375.70","17,79,119","75,01,52,640.80","35,118"
"28-Feb-2024","EQ","422.00","426.35","414.20","422.10","415.00","415.85","418.57","515.70","375.70","11,95,280","50,03,05,186.60","38,365"
"27-Feb-2024","EQ","430.65","432.90","420.20","430.85","421.70","422.10","426.72","515.70","375.70","10,75,337","45,88,69,606.30","36,649"
"26-Feb-2024","EQ","437.00","438.65","430.00","437.80","430.40","430.85","434.83","515.70","375.70","30,40,318","1,32,20,24,088.00","27,312"
"23-Feb-2024","EQ","444.20","444.65","436.35","441.30","437.15","437.80","441.56","515.70","375.70","12,14,124","53,61,07,870.15","33,768"
"22-Feb-2024","EQ","438.50","443.45","433.65","437.85","442.15","441.30","440.25","515.70","375.70","12,14,129","53,45,19,990.60","21,797"
"21-Feb-2024","EQ","440.00","443.00","433.90","439.90","436.75","437.85","438.69","515.70","375.70","18,29,764","80,26,96,734.10","40,573"
"20-Feb-2024","EQ","440.50","442.70","433.35","439.70","439.20","439.90","438.15","515.70","375.70","10,08,187","44,17,39,479.85","30,777"
"19-Feb-2024","EQ","441.70","444.00","437.85","439.90","439.60","439.70","441.64","515.70","375.70","10,56,171","46,64,48,576.80","19,641"
"16-Feb-2024","EQ","446.80","446.80","438.20","444.70","439.25","439.90","440.77","515.70","375.70","12,29,031","54,17,24,063.75","54,813"
"15-Feb-2024","EQ","436.90","451.90","436.35","436.90","445.10","444.70","444.72","515.70","375.70","20,22,907","89,96,27,715.85","38,152"
"14-Feb-2024","EQ","433.90","438.40","426.70","434.90","436.05","436.90","432.71","515.70","375.70","7,55,442","32,68,86,552.95","17,613"
"13-Feb-2024","EQ","427.55","435.80","422.40","427.10","435.10","434.90","431.17","515.70","375.70","16,47,603","71,03,94,975.15","32,189"
"12-Feb-2024","EQ","440.95","441.50","425.40","439.95","427.55","427.10","432.72","515.70","375.70","12,43,496","53,80,87,950.85","24,555"
"09-Feb-2024","EQ","440.00","442.80","426.40","439.90","440.40","439.95","434.33","515.70","375.70","14,17,071","61,54,75,277.25","26,874"
"08-Feb-2024","EQ","453.05","458.40","439.10","449.30","440.50","439.90","447.22","515.70","375.70","21,87,859","97,84,44,976.45","35,064"
"07-Feb-2024","EQ","459.00","459.00","448.55","453.85","449.15","449.30","451.24","515.70","375.70","21,02,940","94,89,35,885.45","30,172"
"06-Feb-2024","EQ","444.00","455.55","442.00","439.95","455.40","453.85","450.19","515.70","375.70","27,20,975","1,22,49,68,113.90","42,669"
"05-Feb-2024","EQ","449.00","452.50","438.30","445.15","441.00","439.95","447.29","515.70","375.70","29,83,394","1,33,44,29,658.30","60,996"
"02-Feb-2024","EQ","439.25","447.50","439.25","439.25","445.35","445.15","444.83","515.70","375.70","22,00,538","97,88,70,656.65","71,077"
"01-Feb-2024","EQ","433.00","441.90","431.40","430.40","439.05","439.25","438.55","515.70","375.70","32,32,716","1,41,76,99,188.85","59,487"
"31-Jan-2024","EQ","426.05","432.80","424.35","425.60","430.25","430.40","430.34","515.70","375.70","15,91,977","68,50,96,791.80","28,963"
"30-Jan-2024","EQ","426.90","431.70","418.30","419.10","424.95","425.60","425.24","515.70","375.70","38,03,274","1,61,73,18,219.35","54,278"
"29-Jan-2024","EQ","409.90","421.50","404.40","405.15","418.00","419.10","416.29","515.70","375.70","38,79,117","1,61,48,21,760.75","51,396"
"25-Jan-2024","EQ","436.00","439.70","403.25","434.90","403.70","405.15","417.05","515.70","375.70","83,89,973","3,49,90,14,304.60","1,00,326"
"24-Jan-2024","EQ","435.00","441.50","429.15","435.85","433.45","434.90","435.92","515.70","375.70","19,17,668","83,59,42,867.45","44,408"
"23-Jan-2024","EQ","444.20","447.80","434.00","443.70","434.10","435.85","441.58","515.70","375.70","29,78,033","1,31,50,35,456.50","64,998"